{
  "timestamp": "2025-11-23T00:49:51.513895",
  "backend": "qdrant",
  "tests": {
    "insertion": {
      "documents": 100,
      "time_seconds": 0.25990796089172363,
      "docs_per_second": 384.7515853570161
    },
    "search": {
      "queries": 4,
      "avg_time_seconds": 0.022482693195343018,
      "avg_results": 5.0
    },
    "filtered_search": {
      "time_seconds": 0.02735161781311035,
      "results_count": 5
    },
    "scalability": {
      "500": {
        "time_seconds": 0.7893924713134766,
        "docs_per_second": 633.3984908268075
      },
      "1000": {
        "time_seconds": 1.7657763957977295,
        "docs_per_second": 566.3231213079091
      }
    }
  },
  "efficiency_scores": {
    "insertion": 100,
    "search": 100,
    "scalability": 89.41024165824243,
    "overall": 96.47008055274746
  }
}